{"count":1,"gauges":{"Tank.CumulativeReward":{"count":4,"max":0.4000001,"min":-0.8,"value":0.4000001,"weightedAverage":0.200781286}},"self":50.7298944,"total":52.888892399999996,"children":{"AgentSendState":{"count":2570,"self":0.0936337,"total":0.12146749999999999,"children":{"CollectObservations":{"count":2056,"self":0.015922099999999998,"total":0.015922099999999998,"children":null},"CollectDiscreteActionMasks":{"count":2056,"self":0.011911699999999999,"total":0.011911699999999999,"children":null}}},"DecideAction":{"count":2570,"self":1.3709293,"total":1.9566032999999998,"children":{"RayPerceptionSensor.Perceive":{"count":2056,"self":0.585674,"total":0.585674,"children":null}}},"AgentAct":{"count":2570,"self":0.0799256,"total":0.0799256,"children":null}}}