{"count":1,"gauges":{"Tank.CumulativeReward":{"count":100,"max":36.50003,"min":-0.8,"value":34.2000656,"weightedAverage":16.012682}},"self":85.6460288,"total":87.756702699999991,"children":{"AgentSendState":{"count":4353,"self":0.0730514,"total":0.089889299999999991,"children":{"CollectObservations":{"count":3484,"self":0.0060434999999999994,"total":0.0060434999999999994,"children":null},"CollectDiscreteActionMasks":{"count":3484,"self":0.0107944,"total":0.0107944,"children":null}}},"DecideAction":{"count":4353,"self":1.7804351999999999,"total":1.9246006,"children":{"RayPerceptionSensor.Perceive":{"count":3484,"self":0.1441654,"total":0.1441654,"children":null}}},"AgentAct":{"count":4353,"self":0.0951881,"total":0.0951881,"children":null}}}