{"count":1,"gauges":{"Tank.CumulativeReward":{"count":26,"max":2.60000014,"min":-1,"value":-1,"weightedAverage":-0.196208254}},"self":128.7958912,"total":132.8332721,"children":{"AgentSendState":{"count":6581,"self":0.0728466,"total":0.1024701,"children":{"CollectObservations":{"count":5268,"self":0.013888999999999999,"total":0.013888999999999999,"children":null},"CollectDiscreteActionMasks":{"count":5268,"self":0.0157345,"total":0.0157345,"children":null}}},"DecideAction":{"count":6581,"self":2.8004127999999997,"total":3.8353837,"children":{"RayPerceptionSensor.Perceive":{"count":5268,"self":1.0349708,"total":1.0349708,"children":null}}},"AgentAct":{"count":6581,"self":0.0985274,"total":0.0985274,"children":null}}}