{"count":1,"gauges":{},"self":0.1393526,"total":0.14034739999999998,"children":null}