{"count":1,"gauges":{"Tank.CumulativeReward":{"count":8,"max":1.4000001,"min":-1,"value":1.4000001,"weightedAverage":0.197903454}},"self":31.5169984,"total":32.7536048,"children":{"AgentSendState":{"count":1624,"self":0.032269599999999996,"total":0.0896849,"children":{"CollectObservations":{"count":1300,"self":0.0088069,"total":0.0088069,"children":null},"CollectDiscreteActionMasks":{"count":1300,"self":0.0028891999999999998,"total":0.0028891999999999998,"children":null},"RayPerceptionSensor.Perceive":{"count":325,"self":0.045719199999999995,"total":0.045719199999999995,"children":null}}},"DecideAction":{"count":1624,"self":0.8901587,"total":1.1164878,"children":{"RayPerceptionSensor.Perceive":{"count":975,"self":0.22632909999999998,"total":0.22632909999999998,"children":null}}},"AgentAct":{"count":1624,"self":0.0275522,"total":0.0294331,"children":{"RayPerceptionSensor.Perceive":{"count":2,"self":0.0018809,"total":0.0018809,"children":null}}}}}