{"count":1,"gauges":{"Tank.CumulativeReward":{"count":75,"max":24.1000519,"min":-0.8,"value":13.9000206,"weightedAverage":10.3077316}},"self":43.2676288,"total":44.553940399999995,"children":{"AgentSendState":{"count":2216,"self":0.0308277,"total":0.043312199999999995,"children":{"CollectObservations":{"count":2220,"self":0.0077522999999999993,"total":0.0077522999999999993,"children":null},"CollectDiscreteActionMasks":{"count":2220,"self":0.0047322,"total":0.0047322,"children":null}}},"DecideAction":{"count":2216,"self":1.0949023,"total":1.1865134,"children":{"RayPerceptionSensor.Perceive":{"count":2220,"self":0.0916111,"total":0.0916111,"children":null}}},"AgentAct":{"count":2216,"self":0.055457099999999995,"total":0.055457099999999995,"children":null}}}