{"count":1,"gauges":{"Tank.CumulativeReward":{"count":1,"max":0.340334564,"min":0.340334564,"value":0.340334564,"weightedAverage":0.340334564}},"self":2.673304,"total":4.1688322,"children":{"AgentSendState":{"count":188,"self":0.0359952,"total":0.0540903,"children":{"CollectObservations":{"count":2736,"self":0.013045,"total":0.013045,"children":null},"CollectDiscreteActionMasks":{"count":2736,"self":0.0050501,"total":0.0050501,"children":null}}},"DecideAction":{"count":188,"self":0.6418659,"total":1.4030611,"children":{"RayPerceptionSensor.Perceive":{"count":5472,"self":0.7611952,"total":0.7611952,"children":null}}},"AgentAct":{"count":188,"self":0.037705999999999996,"total":0.037705999999999996,"children":null}}}