{"count":1,"gauges":{"Tank.CumulativeReward":{"count":392,"max":7.863676,"min":-2.54959631,"value":-1.45566869,"weightedAverage":-1.16036332}},"self":1115.303936,"total":1167.0375371999999,"children":{"AgentSendState":{"count":24001,"self":1.0623737,"total":1.6467905999999999,"children":{"CollectObservations":{"count":115224,"self":0.2920371,"total":0.2920371,"children":null},"CollectDiscreteActionMasks":{"count":115224,"self":0.29237979999999997,"total":0.29237979999999997,"children":null}}},"DecideAction":{"count":24001,"self":21.4452464,"total":48.4935196,"children":{"RayPerceptionSensor.Perceive":{"count":230448,"self":27.048271999999997,"total":27.0482728,"children":null}}},"AgentAct":{"count":24001,"self":1.5932557999999999,"total":1.5932557999999999,"children":null}}}